ConsensusTime, 304122946 , txs, 1798
ConsensusTime, 202437080 , txs, 1799
ConsensusTime, 1109152 , txs, 1799
ConsensusTime, 432149811 , txs, 1800
ConsensusTime, 1416708 , txs, 1802
ConsensusTime, 1143135 , txs, 1803
ConsensusTime, 706155802 , txs, 1804
ConsensusTime, 402154058 , txs, 1805
ConsensusTime, 101331267 , txs, 1806
ConsensusTime, 302668714 , txs, 1807
ConsensusTime, 295239735 , txs, 1807
ConsensusTime, 1203855323 , txs, 1808
ConsensusTime, 303299838 , txs, 1809
ConsensusTime, 201423196 , txs, 1810
ConsensusTime, 602596786 , txs, 1811
ConsensusTime, 201517552 , txs, 1812
ConsensusTime, 301921701 , txs, 1813
ConsensusTime, 607149227 , txs, 1814
ConsensusTime, 166241304 , txs, 1814
ConsensusTime, 4251701 , txs, 1815
ConsensusTime, 4212259 , txs, 1816
ConsensusTime, 4872334 , txs, 1817
ConsensusTime, 201820008 , txs, 1818
ConsensusTime, 201666294 , txs, 1819
ConsensusTime, 402056507 , txs, 1820
ConsensusTime, 302228198 , txs, 1821
ConsensusTime, 407038206 , txs, 1822
ConsensusTime, 1504344763 , txs, 1822
ConsensusTime, 703163680 , txs, 1823
ConsensusTime, 402150441 , txs, 1824
ConsensusTime, 402392557 , txs, 1825
ConsensusTime, 902831115 , txs, 1826
ConsensusTime, 106402974 , txs, 1827
ConsensusTime, 215194528 , txs, 1828
ConsensusTime, 507457063 , txs, 1829
ConsensusTime, 1809188464 , txs, 1830
ConsensusTime, 315595303 , txs, 1830
ConsensusTime, 502600421 , txs, 1831
ConsensusTime, 809411257 , txs, 1832
ConsensusTime, 1813764 , txs, 1833
ConsensusTime, 6726494 , txs, 1834
ConsensusTime, 273734326 , txs, 1836
ConsensusTime, 2006349381 , txs, 1837
ConsensusTime, 402286262 , txs, 1838
ConsensusTime, 502600606 , txs, 1839
ConsensusTime, 702835879 , txs, 1839
ConsensusTime, 413854865 , txs, 1840
ConsensusTime, 602959921 , txs, 1841
ConsensusTime, 201997074 , txs, 1842
ConsensusTime, 251811956 , txs, 1843
ConsensusTime, 3707684 , txs, 1844
ConsensusTime, 1639276 , txs, 1845
ConsensusTime, 301941618 , txs, 1846
ConsensusTime, 608204471 , txs, 1847
ConsensusTime, 206704977 , txs, 1848
ConsensusTime, 201558307 , txs, 1848
ConsensusTime, 301931038 , txs, 1849
ConsensusTime, 169306921 , txs, 1850
ConsensusTime, 4310739 , txs, 1851
ConsensusTime, 4751023 , txs, 1852
ConsensusTime, 1202745 , txs, 1853
ConsensusTime, 602320859 , txs, 1854
ConsensusTime, 204331498 , txs, 1855
ConsensusTime, 402039518 , txs, 1856
ConsensusTime, 402255350 , txs, 1857
ConsensusTime, 330527493 , txs, 1857
ConsensusTime, 3637522 , txs, 1859
ConsensusTime, 1417461 , txs, 1860
ConsensusTime, 802846717 , txs, 1861
ConsensusTime, 302382876 , txs, 1862
ConsensusTime, 402058889 , txs, 1863
ConsensusTime, 502276849 , txs, 1864
ConsensusTime, 362933802 , txs, 1865
ConsensusTime, 903169753 , txs, 1866
ConsensusTime, 201832355 , txs, 1867
ConsensusTime, 49859189299 , txs, 1867
