INFO [07-13|15:13:11] Sealing                                  block n=1
INFO [07-13|15:13:49] Sealing                                  block n=2
INFO [07-13|15:14:01] Sealing                                  block n=3
INFO [07-13|15:14:55] Sealing                                  block n=4
INFO [07-13|15:14:59] Sealing                                  block n=5
INFO [07-13|15:15:02] Sealing                                  block n=6
INFO [07-13|15:15:06] Sealing                                  block n=7
INFO [07-13|15:15:58] Sealing                                  block n=8
INFO [07-13|15:16:01] Sealing                                  block n=9
INFO [07-13|15:16:05] Sealing                                  block n=10
INFO [07-13|15:16:08] Sealing                                  block n=11
INFO [07-13|15:17:00] Sealing                                  block n=12
INFO [07-13|15:17:04] Sealing                                  block n=13
INFO [07-13|15:17:07] Sealing                                  block n=14
INFO [07-13|15:17:11] Sealing                                  block n=15
