INFO [08-10|12:08:29] Sealing                                  block n=1
INFO [08-10|12:08:32] Sealing                                  block n=1
INFO [08-10|12:08:35] Sealing                                  block n=5
INFO [08-10|12:08:35] Sealing                                  block n=7
INFO [08-10|12:08:36] Sealing                                  block n=8
INFO [08-10|12:08:40] Sealing                                  block n=10
INFO [08-10|12:08:41] Sealing                                  block n=10
INFO [08-10|12:08:41] Sealing                                  block n=11
INFO [08-10|12:08:43] Sealing                                  block n=12
INFO [08-10|12:08:49] Sealing                                  block n=13
INFO [08-10|12:08:50] Sealing                                  block n=14
INFO [08-10|12:08:51] Sealing                                  block n=15
INFO [08-10|12:08:54] Sealing                                  block n=16
INFO [08-10|12:08:55] Sealing                                  block n=17
INFO [08-10|12:08:57] Sealing                                  block n=18
INFO [08-10|12:08:59] Sealing                                  block n=19
INFO [08-10|12:09:00] Sealing                                  block n=20
INFO [08-10|12:09:09] Sealing                                  block n=21
INFO [08-10|12:09:10] Sealing                                  block n=22
INFO [08-10|12:09:13] Sealing                                  block n=23
INFO [08-10|12:09:14] Sealing                                  block n=24
INFO [08-10|12:09:15] Sealing                                  block n=25
INFO [08-10|12:09:17] Sealing                                  block n=26
INFO [08-10|12:09:19] Sealing                                  block n=27
INFO [08-10|12:09:20] Sealing                                  block n=28
INFO [08-10|12:09:29] Sealing                                  block n=29
INFO [08-10|12:09:30] Sealing                                  block n=30
INFO [08-10|12:09:31] Sealing                                  block n=31
INFO [08-10|12:09:34] Sealing                                  block n=32
INFO [08-10|12:09:35] Sealing                                  block n=33
INFO [08-10|12:09:37] Sealing                                  block n=34
INFO [08-10|12:09:38] Sealing                                  block n=35
INFO [08-10|12:09:40] Sealing                                  block n=36
INFO [08-10|12:09:47] Sealing                                  block n=37
INFO [08-10|12:09:48] Sealing                                  block n=38
INFO [08-10|12:09:49] Sealing                                  block n=39
INFO [08-10|12:09:51] Sealing                                  block n=40
INFO [08-10|12:09:53] Sealing                                  block n=41
INFO [08-10|12:09:54] Sealing                                  block n=42
INFO [08-10|12:09:56] Sealing                                  block n=43
INFO [08-10|12:09:57] Sealing                                  block n=44
INFO [08-10|12:10:06] Sealing                                  block n=45
INFO [08-10|12:10:07] Sealing                                  block n=46
INFO [08-10|12:10:08] Sealing                                  block n=47
INFO [08-10|12:10:10] Sealing                                  block n=48
INFO [08-10|12:10:14] Sealing                                  block n=50
INFO [08-10|12:10:14] Sealing                                  block n=50
INFO [08-10|12:10:15] Sealing                                  block n=51
INFO [08-10|12:10:15] Sealing                                  block n=52
INFO [08-10|12:10:21] Sealing                                  block n=53
INFO [08-10|12:10:23] Sealing                                  block n=54
INFO [08-10|12:10:24] Sealing                                  block n=55
INFO [08-10|12:10:26] Sealing                                  block n=56
INFO [08-10|12:10:28] Sealing                                  block n=57
INFO [08-10|12:10:29] Sealing                                  block n=58
INFO [08-10|12:10:31] Sealing                                  block n=59
INFO [08-10|12:10:32] Sealing                                  block n=60
INFO [08-10|12:10:39] Sealing                                  block n=61
INFO [08-10|12:10:40] Sealing                                  block n=62
INFO [08-10|12:10:42] Sealing                                  block n=63
INFO [08-10|12:10:44] Sealing                                  block n=64
INFO [08-10|12:10:45] Sealing                                  block n=65
INFO [08-10|12:10:46] Sealing                                  block n=66
INFO [08-10|12:10:49] Sealing                                  block n=67
INFO [08-10|12:10:51] Sealing                                  block n=68
INFO [08-10|12:10:56] Sealing                                  block n=69
INFO [08-10|12:10:58] Sealing                                  block n=70
INFO [08-10|12:10:59] Sealing                                  block n=71
INFO [08-10|12:11:01] Sealing                                  block n=72
INFO [08-10|12:11:05] Sealing                                  block n=73
INFO [08-10|12:11:05] Sealing                                  block n=74
INFO [08-10|12:11:06] Sealing                                  block n=75
INFO [08-10|12:11:07] Sealing                                  block n=76
INFO [08-10|12:11:16] Sealing                                  block n=77
INFO [08-10|12:11:18] Sealing                                  block n=78
INFO [08-10|12:11:20] Sealing                                  block n=79
INFO [08-10|12:11:21] Sealing                                  block n=80
INFO [08-10|12:11:25] Sealing                                  block n=82
INFO [08-10|12:11:26] Sealing                                  block n=82
INFO [08-10|12:11:26] Sealing                                  block n=83
INFO [08-10|12:11:28] Sealing                                  block n=84
INFO [08-10|12:11:37] Sealing                                  block n=85
INFO [08-10|12:11:38] Sealing                                  block n=86
INFO [08-10|12:11:40] Sealing                                  block n=87
INFO [08-10|12:11:42] Sealing                                  block n=88
INFO [08-10|12:11:44] Sealing                                  block n=89
INFO [08-10|12:11:46] Sealing                                  block n=90
INFO [08-10|12:11:47] Sealing                                  block n=91
INFO [08-10|12:11:48] Sealing                                  block n=92
INFO [08-10|12:11:54] Sealing                                  block n=93
INFO [08-10|12:11:55] Sealing                                  block n=94
INFO [08-10|12:11:57] Sealing                                  block n=95
INFO [08-10|12:11:58] Sealing                                  block n=96
INFO [08-10|12:11:59] Sealing                                  block n=97
INFO [08-10|12:12:01] Sealing                                  block n=98
INFO [08-10|12:12:02] Sealing                                  block n=99
INFO [08-10|12:12:04] Sealing                                  block n=100
INFO [08-10|12:12:13] Sealing                                  block n=101
INFO [08-10|12:12:14] Sealing                                  block n=102
INFO [08-10|12:12:17] Sealing                                  block n=103
INFO [08-10|12:12:18] Sealing                                  block n=104
INFO [08-10|12:12:22] Sealing                                  block n=106
INFO [08-10|12:12:23] Sealing                                  block n=106
INFO [08-10|12:12:23] Sealing                                  block n=107
INFO [08-10|12:12:24] Sealing                                  block n=108
INFO [08-10|12:12:30] Sealing                                  block n=109
INFO [08-10|12:12:32] Sealing                                  block n=110
INFO [08-10|12:12:34] Sealing                                  block n=111
INFO [08-10|12:12:36] Sealing                                  block n=112
INFO [08-10|12:12:37] Sealing                                  block n=113
INFO [08-10|12:12:39] Sealing                                  block n=114
INFO [08-10|12:12:40] Sealing                                  block n=115
INFO [08-10|12:12:42] Sealing                                  block n=116
INFO [08-10|12:12:51] Sealing                                  block n=117
INFO [08-10|12:12:52] Sealing                                  block n=118
INFO [08-10|12:12:54] Sealing                                  block n=119
INFO [08-10|12:12:55] Sealing                                  block n=120
INFO [08-10|12:12:56] Sealing                                  block n=121
INFO [08-10|12:12:58] Sealing                                  block n=122
INFO [08-10|12:12:59] Sealing                                  block n=123
INFO [08-10|12:13:01] Sealing                                  block n=124
INFO [08-10|12:13:09] Sealing                                  block n=125
INFO [08-10|12:13:10] Sealing                                  block n=126
INFO [08-10|12:13:12] Sealing                                  block n=127
INFO [08-10|12:13:13] Sealing                                  block n=128
INFO [08-10|12:13:18] Sealing                                  block n=130
INFO [08-10|12:13:18] Sealing                                  block n=130
INFO [08-10|12:13:19] Sealing                                  block n=131
INFO [08-10|12:13:20] Sealing                                  block n=132
INFO [08-10|12:13:27] Sealing                                  block n=133
INFO [08-10|12:13:28] Sealing                                  block n=134
