ConsensusTime, 603580734 , txs, 600 , blockNum, 6
ConsensusTime, 3716665777 , txs, 601 , blockNum, 7
ConsensusTime, 603739805 , txs, 601 , blockNum, 8
ConsensusTime, 1707311330 , txs, 601 , blockNum, 9
ConsensusTime, 1014669181 , txs, 602 , blockNum, 10
ConsensusTime, 704121103 , txs, 602 , blockNum, 11
ConsensusTime, 5333798819 , txs, 602 , blockNum, 12
ConsensusTime, 826070497 , txs, 602 , blockNum, 13
ConsensusTime, 1436632 , txs, 603 , blockNum, 15
ConsensusTime, 603567017 , txs, 603 , blockNum, 16
ConsensusTime, 904757548 , txs, 604 , blockNum, 17
ConsensusTime, 1005990729 , txs, 604 , blockNum, 18
ConsensusTime, 804405744 , txs, 604 , blockNum, 19
ConsensusTime, 8233442780 , txs, 604 , blockNum, 20
ConsensusTime, 726253792 , txs, 605 , blockNum, 21
ConsensusTime, 101831130 , txs, 605 , blockNum, 23
ConsensusTime, 514270659 , txs, 606 , blockNum, 24
ConsensusTime, 704649036 , txs, 606 , blockNum, 25
ConsensusTime, 703960499 , txs, 606 , blockNum, 26
ConsensusTime, 804215333 , txs, 607 , blockNum, 27
ConsensusTime, 8357420427 , txs, 607 , blockNum, 28
ConsensusTime, 524456867 , txs, 607 , blockNum, 29
ConsensusTime, 1511264 , txs, 608 , blockNum, 31
ConsensusTime, 703902095 , txs, 608 , blockNum, 32
ConsensusTime, 603753036 , txs, 608 , blockNum, 33
ConsensusTime, 804712856 , txs, 609 , blockNum, 34
ConsensusTime, 1607153554 , txs, 609 , blockNum, 35
ConsensusTime, 5322220849 , txs, 609 , blockNum, 36
ConsensusTime, 644885159 , txs, 610 , blockNum, 37
ConsensusTime, 1471045 , txs, 610 , blockNum, 39
ConsensusTime, 703937987 , txs, 610 , blockNum, 40
ConsensusTime, 804723909 , txs, 611 , blockNum, 41
ConsensusTime, 904958318 , txs, 611 , blockNum, 42
ConsensusTime, 609326259 , txs, 611 , blockNum, 43
ConsensusTime, 7848318995 , txs, 612 , blockNum, 44
ConsensusTime, 524524074 , txs, 612 , blockNum, 45
ConsensusTime, 703747597 , txs, 612 , blockNum, 46
ConsensusTime, 603663258 , txs, 612 , blockNum, 47
ConsensusTime, 704081598 , txs, 613 , blockNum, 48
ConsensusTime, 402978359 , txs, 613 , blockNum, 49
ConsensusTime, 805224728 , txs, 613 , blockNum, 50
ConsensusTime, 1106505548 , txs, 614 , blockNum, 51
ConsensusTime, 5134902071 , txs, 614 , blockNum, 52
ConsensusTime, 725805845 , txs, 614 , blockNum, 53
ConsensusTime, 1945648 , txs, 615 , blockNum, 55
ConsensusTime, 603881708 , txs, 615 , blockNum, 56
ConsensusTime, 603784050 , txs, 615 , blockNum, 57
ConsensusTime, 1306266242 , txs, 616 , blockNum, 58
ConsensusTime, 603553707 , txs, 616 , blockNum, 59
ConsensusTime, 5021422463 , txs, 616 , blockNum, 60
ConsensusTime, 725754937 , txs, 617 , blockNum, 61
ConsensusTime, 402579207 , txs, 617 , blockNum, 63
ConsensusTime, 503068 , txs, 617 , blockNum, 63
ConsensusTime, 302465640 , txs, 618 , blockNum, 64
ConsensusTime, 403271468 , txs, 618 , blockNum, 65
ConsensusTime, 1306876913 , txs, 618 , blockNum, 66
ConsensusTime, 1306239668 , txs, 618 , blockNum, 67
ConsensusTime, 5164954826 , txs, 619 , blockNum, 68
ConsensusTime, 625467965 , txs, 619 , blockNum, 69
ConsensusTime, 1004952740 , txs, 619 , blockNum, 70
ConsensusTime, 704029111 , txs, 620 , blockNum, 71
ConsensusTime, 402819081 , txs, 620 , blockNum, 72
ConsensusTime, 1808527931 , txs, 620 , blockNum, 73
ConsensusTime, 1105517157 , txs, 621 , blockNum, 74
ConsensusTime, 814046982 , txs, 621 , blockNum, 75
ConsensusTime, 7531231054 , txs, 621 , blockNum, 76
ConsensusTime, 828316906 , txs, 622 , blockNum, 77
ConsensusTime, 113744685 , txs, 622 , blockNum, 79
ConsensusTime, 404662130 , txs, 622 , blockNum, 80
ConsensusTime, 712003367 , txs, 623 , blockNum, 81
ConsensusTime, 1607328636 , txs, 623 , blockNum, 82
ConsensusTime, 813615833 , txs, 623 , blockNum, 83
ConsensusTime, 8434578394 , txs, 624 , blockNum, 84
ConsensusTime, 625890548 , txs, 624 , blockNum, 85
ConsensusTime, 307401302 , txs, 625 , blockNum, 87
ConsensusTime, 1223309182 , txs, 625 , blockNum, 88
ConsensusTime, 606154212 , txs, 625 , blockNum, 89
ConsensusTime, 704392621 , txs, 625 , blockNum, 90
ConsensusTime, 603611196 , txs, 626 , blockNum, 91
ConsensusTime, 5236400789 , txs, 626 , blockNum, 92
ConsensusTime, 626625186 , txs, 626 , blockNum, 93
ConsensusTime, 804510927 , txs, 627 , blockNum, 94
ConsensusTime, 603606734 , txs, 627 , blockNum, 95
ConsensusTime, 717368474 , txs, 627 , blockNum, 96
ConsensusTime, 603558765 , txs, 628 , blockNum, 97
ConsensusTime, 604757757 , txs, 628 , blockNum, 98
ConsensusTime, 804525704 , txs, 628 , blockNum, 99
ConsensusTime, 8433664745 , txs, 629 , blockNum, 100
ConsensusTime, 624665217 , txs, 629 , blockNum, 101
ConsensusTime, 1479863 , txs, 629 , blockNum, 103
ConsensusTime, 804557639 , txs, 630 , blockNum, 104
ConsensusTime, 704358084 , txs, 630 , blockNum, 105
ConsensusTime, 804417079 , txs, 630 , blockNum, 106
ConsensusTime, 1005514683 , txs, 631 , blockNum, 107
ConsensusTime, 5338840754 , txs, 631 , blockNum, 108
ConsensusTime, 662711236 , txs, 631 , blockNum, 109
ConsensusTime, 669729 , txs, 632 , blockNum, 111
ConsensusTime, 615519874 , txs, 632 , blockNum, 112
ConsensusTime, 605107352 , txs, 633 , blockNum, 113
ConsensusTime, 402952566 , txs, 633 , blockNum, 114
ConsensusTime, 1607273557 , txs, 633 , blockNum, 115
ConsensusTime, 7968946906 , txs, 633 , blockNum, 116
ConsensusTime, 726316973 , txs, 634 , blockNum, 117
ConsensusTime, 1276419 , txs, 634 , blockNum, 119
ConsensusTime, 1354242 , txs, 635 , blockNum, 120
ConsensusTime, 202482874 , txs, 635 , blockNum, 121
ConsensusTime, 603811778 , txs, 635 , blockNum, 122
ConsensusTime, 804296808 , txs, 636 , blockNum, 123
ConsensusTime, 7529898820 , txs, 636 , blockNum, 124
ConsensusTime, 625458836 , txs, 636 , blockNum, 125
ConsensusTime, 1005119724 , txs, 637 , blockNum, 126
ConsensusTime, 703861027 , txs, 637 , blockNum, 127
ConsensusTime, 1406395341 , txs, 637 , blockNum, 128
ConsensusTime, 904944296 , txs, 637 , blockNum, 129
ConsensusTime, 1406572752 , txs, 638 , blockNum, 130
ConsensusTime, 804262025 , txs, 638 , blockNum, 131
ConsensusTime, 5437343123 , txs, 638 , blockNum, 132
ConsensusTime, 627932631 , txs, 639 , blockNum, 133
ConsensusTime, 1105355136 , txs, 639 , blockNum, 134
