ConsensusTime, 804409332 , txs, 799
ConsensusTime, 408927413 , txs, 799
ConsensusTime, 514401098 , txs, 799
ConsensusTime, 419392146 , txs, 800
ConsensusTime, 307851541 , txs, 800
ConsensusTime, 257188487 , txs, 801
ConsensusTime, 906795452 , txs, 801
ConsensusTime, 403054218 , txs, 801
ConsensusTime, 203726466 , txs, 802
ConsensusTime, 203600626 , txs, 802
ConsensusTime, 107475944 , txs, 803
ConsensusTime, 102343726 , txs, 803
ConsensusTime, 106690410 , txs, 803
ConsensusTime, 3216501 , txs, 804
ConsensusTime, 201870364 , txs, 804
ConsensusTime, 216716016 , txs, 805
ConsensusTime, 108378132 , txs, 805
ConsensusTime, 527781800 , txs, 805
ConsensusTime, 107197371 , txs, 806
ConsensusTime, 206539249 , txs, 806
ConsensusTime, 302230302 , txs, 807
ConsensusTime, 161370128 , txs, 807
ConsensusTime, 1408406262 , txs, 807
ConsensusTime, 18003142 , txs, 808
ConsensusTime, 302252184 , txs, 808
ConsensusTime, 203157856 , txs, 809
ConsensusTime, 609098928 , txs, 809
ConsensusTime, 321914186 , txs, 809
ConsensusTime, 402295799 , txs, 810
ConsensusTime, 403345509 , txs, 810
ConsensusTime, 438339549 , txs, 810
ConsensusTime, 411298978 , txs, 811
ConsensusTime, 107915887 , txs, 811
ConsensusTime, 809402500 , txs, 812
ConsensusTime, 101943357 , txs, 812
ConsensusTime, 310591944 , txs, 812
ConsensusTime, 302826531 , txs, 813
