ConsensusTime, 301140001 , txs, 1198
ConsensusTime, 116021110 , txs, 1199
ConsensusTime, 3819197829 , txs, 1199
ConsensusTime, 903414 , txs, 1200
ConsensusTime, 3814406516 , txs, 1201
ConsensusTime, 116532606 , txs, 1201
ConsensusTime, 4117793715 , txs, 1202
ConsensusTime, 202897714 , txs, 1202
ConsensusTime, 3312519139 , txs, 1203
ConsensusTime, 216744943 , txs, 1204
ConsensusTime, 604546846 , txs, 1204
ConsensusTime, 4015547217 , txs, 1205
ConsensusTime, 295830 , txs, 1205
ConsensusTime, 420830408 , txs, 1206
ConsensusTime, 704209105 , txs, 1207
ConsensusTime, 792495 , txs, 1207
ConsensusTime, 3914534375 , txs, 1208
