ConsensusTime, 101828979 , txs, 399 , blockNum, 1
ConsensusTime, 720394906 , txs, 399 , blockNum, 2
ConsensusTime, 5140695703 , txs, 399 , blockNum, 3
ConsensusTime, 2066841 , txs, 400 , blockNum, 5
ConsensusTime, 503549314 , txs, 400 , blockNum, 6
ConsensusTime, 412788933 , txs, 400 , blockNum, 7
ConsensusTime, 603796859 , txs, 400 , blockNum, 8
ConsensusTime, 402940807 , txs, 401 , blockNum, 9
ConsensusTime, 521560310 , txs, 401 , blockNum, 10
ConsensusTime, 4848607379 , txs, 401 , blockNum, 11
ConsensusTime, 1624363 , txs, 401 , blockNum, 13
ConsensusTime, 905281967 , txs, 402 , blockNum, 14
ConsensusTime, 1707972351 , txs, 402 , blockNum, 15
ConsensusTime, 503409396 , txs, 402 , blockNum, 16
ConsensusTime, 603755311 , txs, 402 , blockNum, 17
ConsensusTime, 533419957 , txs, 402 , blockNum, 18
ConsensusTime, 5141992258 , txs, 403 , blockNum, 19
ConsensusTime, 1804662 , txs, 403 , blockNum, 21
ConsensusTime, 804907969 , txs, 403 , blockNum, 22
ConsensusTime, 614443335 , txs, 403 , blockNum, 23
ConsensusTime, 1005717200 , txs, 404 , blockNum, 24
ConsensusTime, 403111621 , txs, 404 , blockNum, 25
ConsensusTime, 1826894362 , txs, 404 , blockNum, 26
ConsensusTime, 4438127189 , txs, 404 , blockNum, 27
ConsensusTime, 615666217 , txs, 404 , blockNum, 28
ConsensusTime, 604071308 , txs, 405 , blockNum, 29
ConsensusTime, 403119280 , txs, 405 , blockNum, 30
ConsensusTime, 610864627 , txs, 405 , blockNum, 31
ConsensusTime, 302500743 , txs, 405 , blockNum, 32
ConsensusTime, 503573983 , txs, 405 , blockNum, 33
ConsensusTime, 420232807 , txs, 406 , blockNum, 34
ConsensusTime, 5744198262 , txs, 406 , blockNum, 35
ConsensusTime, 905072728 , txs, 406 , blockNum, 36
ConsensusTime, 507080144 , txs, 406 , blockNum, 37
ConsensusTime, 514659038 , txs, 406 , blockNum, 38
ConsensusTime, 610317495 , txs, 407 , blockNum, 39
ConsensusTime, 506763685 , txs, 407 , blockNum, 40
ConsensusTime, 604038067 , txs, 407 , blockNum, 41
ConsensusTime, 1941720100 , txs, 407 , blockNum, 42
ConsensusTime, 5351357520 , txs, 407 , blockNum, 43
ConsensusTime, 1425431 , txs, 408 , blockNum, 46
ConsensusTime, 1435175 , txs, 408 , blockNum, 47
ConsensusTime, 202360968 , txs, 408 , blockNum, 48
ConsensusTime, 503673866 , txs, 409 , blockNum, 49
ConsensusTime, 1425006859 , txs, 409 , blockNum, 50
ConsensusTime, 4942768042 , txs, 409 , blockNum, 51
ConsensusTime, 805089337 , txs, 409 , blockNum, 52
ConsensusTime, 403029944 , txs, 409 , blockNum, 53
ConsensusTime, 604293149 , txs, 410 , blockNum, 54
ConsensusTime, 402973008 , txs, 410 , blockNum, 55
ConsensusTime, 604083992 , txs, 410 , blockNum, 56
ConsensusTime, 403307268 , txs, 410 , blockNum, 57
ConsensusTime, 637454852 , txs, 410 , blockNum, 58
ConsensusTime, 5447376170 , txs, 411 , blockNum, 59
ConsensusTime, 905391113 , txs, 411 , blockNum, 60
ConsensusTime, 503594569 , txs, 411 , blockNum, 61
ConsensusTime, 503555629 , txs, 411 , blockNum, 62
ConsensusTime, 805534164 , txs, 411 , blockNum, 63
ConsensusTime, 403322476 , txs, 412 , blockNum, 64
ConsensusTime, 503571457 , txs, 412 , blockNum, 65
ConsensusTime, 420280733 , txs, 412 , blockNum, 66
ConsensusTime, 5158390239 , txs, 412 , blockNum, 67
ConsensusTime, 2082793 , txs, 413 , blockNum, 70
ConsensusTime, 904168017 , txs, 413 , blockNum, 71
ConsensusTime, 804639599 , txs, 413 , blockNum, 72
ConsensusTime, 406038806 , txs, 413 , blockNum, 73
ConsensusTime, 520938939 , txs, 414 , blockNum, 74
ConsensusTime, 5443538436 , txs, 414 , blockNum, 75
ConsensusTime, 115428166 , txs, 414 , blockNum, 78
ConsensusTime, 1608321138 , txs, 415 , blockNum, 79
ConsensusTime, 302928675 , txs, 415 , blockNum, 80
ConsensusTime, 505595016 , txs, 415 , blockNum, 81
ConsensusTime, 419069624 , txs, 415 , blockNum, 82
ConsensusTime, 4960769038 , txs, 415 , blockNum, 83
ConsensusTime, 503440952 , txs, 416 , blockNum, 84
ConsensusTime, 704380122 , txs, 416 , blockNum, 85
ConsensusTime, 704173793 , txs, 416 , blockNum, 86
ConsensusTime, 1820205539 , txs, 416 , blockNum, 87
ConsensusTime, 804811706 , txs, 416 , blockNum, 88
ConsensusTime, 303274904 , txs, 417 , blockNum, 89
ConsensusTime, 2126604608 , txs, 417 , blockNum, 90
ConsensusTime, 5344585412 , txs, 417 , blockNum, 91
ConsensusTime, 1502472 , txs, 418 , blockNum, 94
ConsensusTime, 302860938 , txs, 418 , blockNum, 95
ConsensusTime, 521492 , txs, 418 , blockNum, 95
ConsensusTime, 303037443 , txs, 418 , blockNum, 96
ConsensusTime, 805145639 , txs, 418 , blockNum, 97
ConsensusTime, 420768688 , txs, 418 , blockNum, 98
ConsensusTime, 5344025526 , txs, 419 , blockNum, 99
ConsensusTime, 604694243 , txs, 419 , blockNum, 100
ConsensusTime, 714489511 , txs, 419 , blockNum, 101
ConsensusTime, 503518930 , txs, 419 , blockNum, 102
ConsensusTime, 302778580 , txs, 419 , blockNum, 103
ConsensusTime, 604319986 , txs, 420 , blockNum, 104
ConsensusTime, 2228142977 , txs, 420 , blockNum, 105
ConsensusTime, 749651443 , txs, 420 , blockNum, 106
ConsensusTime, 4741238364 , txs, 420 , blockNum, 107
ConsensusTime, 604231125 , txs, 420 , blockNum, 108
ConsensusTime, 705022079 , txs, 421 , blockNum, 109
ConsensusTime, 1809524747 , txs, 421 , blockNum, 110
ConsensusTime, 604143382 , txs, 421 , blockNum, 111
ConsensusTime, 402992928 , txs, 421 , blockNum, 112
ConsensusTime, 604218140 , txs, 421 , blockNum, 113
ConsensusTime, 622556713 , txs, 422 , blockNum, 114
ConsensusTime, 5342796814 , txs, 422 , blockNum, 115
ConsensusTime, 1834603 , txs, 422 , blockNum, 117
ConsensusTime, 905298495 , txs, 423 , blockNum, 118
ConsensusTime, 1607497924 , txs, 423 , blockNum, 119
ConsensusTime, 1008749035 , txs, 423 , blockNum, 120
ConsensusTime, 1507374435 , txs, 423 , blockNum, 121
ConsensusTime, 522982531 , txs, 423 , blockNum, 122
ConsensusTime, 5242350298 , txs, 424 , blockNum, 123
ConsensusTime, 704743955 , txs, 424 , blockNum, 124
ConsensusTime, 604467831 , txs, 424 , blockNum, 125
ConsensusTime, 1708258373 , txs, 424 , blockNum, 126
ConsensusTime, 704392273 , txs, 424 , blockNum, 127
ConsensusTime, 512933674 , txs, 425 , blockNum, 128
ConsensusTime, 2109875272 , txs, 425 , blockNum, 129
ConsensusTime, 522444786 , txs, 425 , blockNum, 130
ConsensusTime, 5159683722 , txs, 425 , blockNum, 131
ConsensusTime, 1935596 , txs, 426 , blockNum, 133
ConsensusTime, 1005534283 , txs, 426 , blockNum, 134
ConsensusTime, 608510677 , txs, 426 , blockNum, 135
ConsensusTime, 704419974 , txs, 426 , blockNum, 136
ConsensusTime, 503526358 , txs, 426 , blockNum, 137
ConsensusTime, 521872652 , txs, 427 , blockNum, 138
ConsensusTime, 5151762961 , txs, 427 , blockNum, 139
ConsensusTime, 1449984 , txs, 427 , blockNum, 142
ConsensusTime, 403229565 , txs, 428 , blockNum, 143
ConsensusTime, 1107076831 , txs, 428 , blockNum, 144
ConsensusTime, 1808592347 , txs, 428 , blockNum, 145
ConsensusTime, 722173090 , txs, 428 , blockNum, 146
