ConsensusTime, 27655669959 , txs, 1598
ConsensusTime, 201595569 , txs, 1599
ConsensusTime, 348447757 , txs, 1599
ConsensusTime, 1404265720 , txs, 1600
ConsensusTime, 1205601181 , txs, 1601
ConsensusTime, 602391723 , txs, 1602
ConsensusTime, 706621955 , txs, 1603
ConsensusTime, 503229031 , txs, 1603
ConsensusTime, 201742168 , txs, 1604
ConsensusTime, 3522009456 , txs, 1605
ConsensusTime, 9028182531 , txs, 1606
ConsensusTime, 305743439 , txs, 1607
ConsensusTime, 206580685 , txs, 1607
ConsensusTime, 406914403 , txs, 1608
ConsensusTime, 345686921 , txs, 1609
ConsensusTime, 1488475 , txs, 1610
ConsensusTime, 10972193 , txs, 1610
ConsensusTime, 502264858 , txs, 1611
ConsensusTime, 401942447 , txs, 1612
ConsensusTime, 836591367 , txs, 1613
ConsensusTime, 103422567 , txs, 1614
ConsensusTime, 402296153 , txs, 1614
ConsensusTime, 7721833837 , txs, 1615
ConsensusTime, 301659695 , txs, 1616
ConsensusTime, 213731798 , txs, 1617
ConsensusTime, 101433853 , txs, 1618
ConsensusTime, 174528872 , txs, 1618
ConsensusTime, 1528132432 , txs, 1619
ConsensusTime, 101664009 , txs, 1620
ConsensusTime, 204597143 , txs, 1621
ConsensusTime, 101705895 , txs, 1621
ConsensusTime, 502649760 , txs, 1622
ConsensusTime, 11213910 , txs, 1623
ConsensusTime, 704938040 , txs, 1624
ConsensusTime, 1666888 , txs, 1625
ConsensusTime, 312360475 , txs, 1625
ConsensusTime, 711163912 , txs, 1626
ConsensusTime, 101706201 , txs, 1627
ConsensusTime, 416795029 , txs, 1628
ConsensusTime, 1303991185 , txs, 1629
ConsensusTime, 602553141 , txs, 1629
ConsensusTime, 5678748 , txs, 1630
ConsensusTime, 509708235 , txs, 1631
ConsensusTime, 408234993 , txs, 1632
ConsensusTime, 206533312 , txs, 1633
ConsensusTime, 101436218 , txs, 1633
ConsensusTime, 103163071 , txs, 1634
ConsensusTime, 408364847 , txs, 1635
ConsensusTime, 610883704 , txs, 1636
ConsensusTime, 302067057 , txs, 1637
ConsensusTime, 181722253 , txs, 1637
ConsensusTime, 5845096 , txs, 1638
ConsensusTime, 1524415 , txs, 1639
ConsensusTime, 402559548 , txs, 1640
ConsensusTime, 209583894 , txs, 1641
ConsensusTime, 405411735 , txs, 1641
ConsensusTime, 303307274 , txs, 1642
ConsensusTime, 212690466 , txs, 1643
ConsensusTime, 3716642 , txs, 1644
ConsensusTime, 602429393 , txs, 1645
ConsensusTime, 203622765 , txs, 1645
ConsensusTime, 608214686 , txs, 1646
ConsensusTime, 183972822 , txs, 1647
ConsensusTime, 6981068 , txs, 1648
ConsensusTime, 5223945 , txs, 1649
ConsensusTime, 202698899 , txs, 1649
ConsensusTime, 201591442 , txs, 1650
ConsensusTime, 305022901 , txs, 1651
ConsensusTime, 602083167 , txs, 1652
ConsensusTime, 402326076 , txs, 1653
ConsensusTime, 302060731 , txs, 1653
ConsensusTime, 402200679 , txs, 1654
ConsensusTime, 504154640 , txs, 1655
ConsensusTime, 526078864 , txs, 1656
ConsensusTime, 286504677 , txs, 1657
