ConsensusTime,221678276, txs,1598,blockNum,1
ConsensusTime,702635183, txs,1599,blockNum,2
ConsensusTime,101216323, txs,1599,blockNum,3
ConsensusTime,829008, txs,1600,blockNum,4
ConsensusTime,227033763, txs,1601,blockNum,5
ConsensusTime,609991419, txs,1602,blockNum,6
ConsensusTime,702702407, txs,1603,blockNum,7
ConsensusTime,101061149, txs,1603,blockNum,8
ConsensusTime,130824352, txs,1604,blockNum,9
ConsensusTime,702479907, txs,1605,blockNum,10
ConsensusTime,742803, txs,1606,blockNum,11
ConsensusTime,778826, txs,1607,blockNum,12
ConsensusTime,223702818, txs,1607,blockNum,13
ConsensusTime,802820469, txs,1608,blockNum,14
ConsensusTime,401750397, txs,1609,blockNum,15
ConsensusTime,402058380, txs,1610,blockNum,16
ConsensusTime,126668879, txs,1610,blockNum,17
ConsensusTime,705442822, txs,1611,blockNum,18
ConsensusTime,819127, txs,1612,blockNum,19
ConsensusTime,401669550, txs,1613,blockNum,20
ConsensusTime,128305788, txs,1614,blockNum,21
ConsensusTime,702419317, txs,1614,blockNum,22
ConsensusTime,1196627, txs,1615,blockNum,23
ConsensusTime,923835, txs,1616,blockNum,24
ConsensusTime,235231346, txs,1617,blockNum,25
ConsensusTime,602118788, txs,1618,blockNum,26
ConsensusTime,303234977, txs,1618,blockNum,27
ConsensusTime,203401136, txs,1619,blockNum,28
ConsensusTime,226620068, txs,1620,blockNum,29
ConsensusTime,602442520, txs,1621,blockNum,30
ConsensusTime,702519492, txs,1621,blockNum,31
ConsensusTime,106131798, txs,1622,blockNum,32
ConsensusTime,132848795, txs,1623,blockNum,33
ConsensusTime,702354612, txs,1624,blockNum,34
ConsensusTime,401759841, txs,1625,blockNum,35
ConsensusTime,112194765, txs,1625,blockNum,36
ConsensusTime,231355840, txs,1626,blockNum,37
ConsensusTime,602373421, txs,1627,blockNum,38
ConsensusTime,301388770, txs,1628,blockNum,39
ConsensusTime,401706513, txs,1629,blockNum,40
ConsensusTime,224137622, txs,1629,blockNum,41
ConsensusTime,1003361865, txs,1630,blockNum,42
ConsensusTime,814277, txs,1631,blockNum,43
ConsensusTime,404009965, txs,1632,blockNum,44
ConsensusTime,130006521, txs,1633,blockNum,45
ConsensusTime,602069932, txs,1633,blockNum,46
ConsensusTime,201523973, txs,1634,blockNum,47
ConsensusTime,301524733, txs,1635,blockNum,48
ConsensusTime,120847147, txs,1636,blockNum,49
ConsensusTime,1222681, txs,1638,blockNum,50
ConsensusTime,134864577, txs,1639,blockNum,51
ConsensusTime,902851482, txs,1640,blockNum,52
ConsensusTime,201280530, txs,1641,blockNum,53
ConsensusTime,201282580, txs,1641,blockNum,54
ConsensusTime,131096654, txs,1642,blockNum,55
ConsensusTime,902659625, txs,1643,blockNum,56
ConsensusTime,401702625, txs,1644,blockNum,57
ConsensusTime,104285425, txs,1645,blockNum,58
ConsensusTime,132993530, txs,1645,blockNum,59
ConsensusTime,702336651, txs,1646,blockNum,60
ConsensusTime,746470, txs,1647,blockNum,61
ConsensusTime,101116148, txs,1648,blockNum,62
ConsensusTime,137887846, txs,1649,blockNum,63
ConsensusTime,1078449, txs,1650,blockNum,64
ConsensusTime,857935, txs,1651,blockNum,65
ConsensusTime,145681699, txs,1652,blockNum,66
ConsensusTime,902788415, txs,1653,blockNum,67
ConsensusTime,931594, txs,1653,blockNum,68
ConsensusTime,301458748, txs,1654,blockNum,69
ConsensusTime,125196717, txs,1655,blockNum,70
ConsensusTime,1339530, txs,1657,blockNum,71
ConsensusTime,1469099, txs,1657,blockNum,72
ConsensusTime,136647579, txs,1658,blockNum,73
ConsensusTime,1203298207, txs,1659,blockNum,74
ConsensusTime,301318994, txs,1660,blockNum,75
ConsensusTime,101159152, txs,1661,blockNum,76
ConsensusTime,140581605, txs,1662,blockNum,77
ConsensusTime,1003259711, txs,1662,blockNum,78
ConsensusTime,201464251, txs,1663,blockNum,79
ConsensusTime,302514360, txs,1664,blockNum,80
ConsensusTime,230319414, txs,1665,blockNum,81
ConsensusTime,806393434, txs,1666,blockNum,82
ConsensusTime,303858182, txs,1666,blockNum,83
ConsensusTime,203030904, txs,1667,blockNum,84
ConsensusTime,128432699, txs,1668,blockNum,85
ConsensusTime,1103221416, txs,1669,blockNum,86
ConsensusTime,702257077, txs,1670,blockNum,87
ConsensusTime,1182262, txs,1670,blockNum,88
ConsensusTime,228849853, txs,1671,blockNum,89
ConsensusTime,910922271, txs,1672,blockNum,90
ConsensusTime,851967, txs,1673,blockNum,91
ConsensusTime,101274963, txs,1674,blockNum,92
ConsensusTime,222019331, txs,1675,blockNum,93
ConsensusTime,1303712053, txs,1675,blockNum,94
ConsensusTime,1191489, txs,1676,blockNum,95
ConsensusTime,101297734, txs,1677,blockNum,96
ConsensusTime,125706195, txs,1678,blockNum,97
ConsensusTime,1002963441, txs,1679,blockNum,98
ConsensusTime,401744650, txs,1679,blockNum,99
ConsensusTime,987284, txs,1680,blockNum,100
ConsensusTime,364041052, txs,1681,blockNum,101
ConsensusTime,1603872598, txs,1682,blockNum,102
ConsensusTime,201245183, txs,1683,blockNum,103
ConsensusTime,402472950, txs,1684,blockNum,104
ConsensusTime,128028333, txs,1684,blockNum,105
ConsensusTime,1218624258, txs,1685,blockNum,106
ConsensusTime,301436138, txs,1686,blockNum,107
ConsensusTime,1366107, txs,1687,blockNum,108
ConsensusTime,132348625, txs,1688,blockNum,109
ConsensusTime,1203333995, txs,1689,blockNum,110
ConsensusTime,301677126, txs,1689,blockNum,111
ConsensusTime,101014388, txs,1690,blockNum,112
ConsensusTime,226340320, txs,1691,blockNum,113
ConsensusTime,1002969170, txs,1692,blockNum,114
ConsensusTime,201301152, txs,1693,blockNum,115
ConsensusTime,101726646, txs,1693,blockNum,116
ConsensusTime,134438523, txs,1694,blockNum,117
ConsensusTime,1204795436, txs,1695,blockNum,118
ConsensusTime,401914700, txs,1696,blockNum,119
ConsensusTime,301748360, txs,1697,blockNum,120
ConsensusTime,132866352, txs,1698,blockNum,121
ConsensusTime,1403810648, txs,1698,blockNum,122
ConsensusTime,101070007, txs,1699,blockNum,123
ConsensusTime,101003263, txs,1700,blockNum,124
ConsensusTime,245672303, txs,1701,blockNum,125
ConsensusTime,1221402307, txs,1702,blockNum,126
ConsensusTime,101294909, txs,1703,blockNum,127
ConsensusTime,1013733, txs,1703,blockNum,128
ConsensusTime,422436747, txs,1704,blockNum,129
ConsensusTime,1103897121, txs,1705,blockNum,130
ConsensusTime,302082548, txs,1706,blockNum,131
ConsensusTime,301608702, txs,1707,blockNum,132
ConsensusTime,132346521, txs,1708,blockNum,133
ConsensusTime,1103003593, txs,1708,blockNum,134
ConsensusTime,301899786, txs,1709,blockNum,135
ConsensusTime,201329121, txs,1710,blockNum,136
ConsensusTime,128629498, txs,1711,blockNum,137
ConsensusTime,1008779, txs,1713,blockNum,138
ConsensusTime,746436, txs,1713,blockNum,139
ConsensusTime,138802615, txs,1714,blockNum,140
ConsensusTime,1207246191, txs,1715,blockNum,141
ConsensusTime,2095209, txs,1716,blockNum,142
ConsensusTime,1160077, txs,1717,blockNum,143
ConsensusTime,228229903, txs,1718,blockNum,144
ConsensusTime,1203503013, txs,1718,blockNum,145
ConsensusTime,301462803, txs,1719,blockNum,146
ConsensusTime,1072493, txs,1720,blockNum,147
ConsensusTime,137538891, txs,1721,blockNum,148
ConsensusTime,903247338, txs,1722,blockNum,149
ConsensusTime,201206861, txs,1723,blockNum,150
ConsensusTime,1598534, txs,1723,blockNum,151
ConsensusTime,1024863893, txs,1724,blockNum,152
ConsensusTime,903072626, txs,1725,blockNum,153
ConsensusTime,828176, txs,1726,blockNum,154
ConsensusTime,402050641, txs,1727,blockNum,155
ConsensusTime,131402134, txs,1728,blockNum,156
ConsensusTime,1203437505, txs,1729,blockNum,157
ConsensusTime,1278683, txs,1729,blockNum,158
ConsensusTime,201561891, txs,1730,blockNum,159
ConsensusTime,130275455, txs,1731,blockNum,160
ConsensusTime,1003379878, txs,1732,blockNum,161
ConsensusTime,401658174, txs,1733,blockNum,162
ConsensusTime,101100946, txs,1734,blockNum,163
ConsensusTime,121823667, txs,1734,blockNum,164
ConsensusTime,1203041184, txs,1735,blockNum,165
ConsensusTime,301551632, txs,1736,blockNum,166
ConsensusTime,301663229, txs,1737,blockNum,167
ConsensusTime,138140740, txs,1738,blockNum,168
ConsensusTime,954584, txs,1740,blockNum,169
ConsensusTime,1104948, txs,1740,blockNum,170
ConsensusTime,250655241, txs,1741,blockNum,171
ConsensusTime,833160, txs,1742,blockNum,172
ConsensusTime,864741, txs,1743,blockNum,173
ConsensusTime,914329, txs,1744,blockNum,174
ConsensusTime,230766439, txs,1745,blockNum,175
ConsensusTime,1003514921, txs,1745,blockNum,176
ConsensusTime,824200, txs,1746,blockNum,177
ConsensusTime,201484169, txs,1747,blockNum,178
ConsensusTime,134803953, txs,1748,blockNum,179
ConsensusTime,1003181480, txs,1749,blockNum,180
ConsensusTime,101006769, txs,1750,blockNum,181
ConsensusTime,820838, txs,1751,blockNum,182
ConsensusTime,130077285, txs,1751,blockNum,183
