ConsensusTime, 33287602844 , txs, 999 , blockNum, 1
ConsensusTime, 1106236285 , txs, 999 , blockNum, 2
ConsensusTime, 806435356 , txs, 999 , blockNum, 3
ConsensusTime, 704489608 , txs, 1000 , blockNum, 4
ConsensusTime, 403125354 , txs, 1000 , blockNum, 5
ConsensusTime, 707507205 , txs, 1001 , blockNum, 6
ConsensusTime, 704198563 , txs, 1001 , blockNum, 7
ConsensusTime, 805383943 , txs, 1002 , blockNum, 8
ConsensusTime, 604775504 , txs, 1002 , blockNum, 9
ConsensusTime, 755858717 , txs, 1003 , blockNum, 11
ConsensusTime, 2679440 , txs, 1004 , blockNum, 13
ConsensusTime, 202580959 , txs, 1005 , blockNum, 14
ConsensusTime, 805115728 , txs, 1005 , blockNum, 15
ConsensusTime, 704240760 , txs, 1006 , blockNum, 16
ConsensusTime, 403178027 , txs, 1006 , blockNum, 17
ConsensusTime, 804959100 , txs, 1007 , blockNum, 18
ConsensusTime, 810185810 , txs, 1007 , blockNum, 19
ConsensusTime, 603913362 , txs, 1008 , blockNum, 20
ConsensusTime, 705317659 , txs, 1008 , blockNum, 21
ConsensusTime, 704096586 , txs, 1009 , blockNum, 22
ConsensusTime, 812992095 , txs, 1009 , blockNum, 23
ConsensusTime, 705803167 , txs, 1010 , blockNum, 24
ConsensusTime, 704362270 , txs, 1010 , blockNum, 25
ConsensusTime, 724668780 , txs, 1011 , blockNum, 27
ConsensusTime, 1851135 , txs, 1012 , blockNum, 29
ConsensusTime, 405560152 , txs, 1013 , blockNum, 30
ConsensusTime, 622169567 , txs, 1013 , blockNum, 31
ConsensusTime, 606390749 , txs, 1014 , blockNum, 32
ConsensusTime, 704306636 , txs, 1014 , blockNum, 33
ConsensusTime, 604159889 , txs, 1015 , blockNum, 34
ConsensusTime, 1206290058 , txs, 1015 , blockNum, 35
ConsensusTime, 704479864 , txs, 1016 , blockNum, 36
ConsensusTime, 805098745 , txs, 1016 , blockNum, 37
ConsensusTime, 403396321 , txs, 1017 , blockNum, 38
ConsensusTime, 1005655354 , txs, 1017 , blockNum, 39
ConsensusTime, 905563179 , txs, 1018 , blockNum, 40
ConsensusTime, 704475596 , txs, 1018 , blockNum, 41
ConsensusTime, 755491908 , txs, 1019 , blockNum, 43
ConsensusTime, 1105832349 , txs, 1020 , blockNum, 44
ConsensusTime, 704626058 , txs, 1020 , blockNum, 45
ConsensusTime, 905211776 , txs, 1021 , blockNum, 46
ConsensusTime, 812424673 , txs, 1021 , blockNum, 47
ConsensusTime, 604875808 , txs, 1022 , blockNum, 48
ConsensusTime, 805353844 , txs, 1022 , blockNum, 49
ConsensusTime, 604330639 , txs, 1023 , blockNum, 50
ConsensusTime, 1005980052 , txs, 1023 , blockNum, 51
ConsensusTime, 504251934 , txs, 1024 , blockNum, 52
ConsensusTime, 605123092 , txs, 1024 , blockNum, 53
ConsensusTime, 503322197 , txs, 1025 , blockNum, 54
ConsensusTime, 604111415 , txs, 1025 , blockNum, 55
ConsensusTime, 804757269 , txs, 1026 , blockNum, 56
ConsensusTime, 604105659 , txs, 1026 , blockNum, 57
ConsensusTime, 815983851 , txs, 1027 , blockNum, 59
ConsensusTime, 1114623867 , txs, 1028 , blockNum, 60
ConsensusTime, 403817308 , txs, 1028 , blockNum, 61
ConsensusTime, 1108685340 , txs, 1029 , blockNum, 62
ConsensusTime, 610862254 , txs, 1029 , blockNum, 63
ConsensusTime, 604727249 , txs, 1030 , blockNum, 64
ConsensusTime, 603906900 , txs, 1030 , blockNum, 65
ConsensusTime, 603685849 , txs, 1031 , blockNum, 66
ConsensusTime, 503668559 , txs, 1031 , blockNum, 67
ConsensusTime, 503983552 , txs, 1032 , blockNum, 68
ConsensusTime, 604134600 , txs, 1032 , blockNum, 69
ConsensusTime, 1005708980 , txs, 1033 , blockNum, 70
ConsensusTime, 504377780 , txs, 1033 , blockNum, 71
ConsensusTime, 805420424 , txs, 1034 , blockNum, 72
ConsensusTime, 704905951 , txs, 1034 , blockNum, 73
ConsensusTime, 711983443 , txs, 1035 , blockNum, 75
ConsensusTime, 2153732 , txs, 1036 , blockNum, 77
ConsensusTime, 302741882 , txs, 1037 , blockNum, 78
ConsensusTime, 403273018 , txs, 1037 , blockNum, 79
ConsensusTime, 516852816 , txs, 1038 , blockNum, 80
ConsensusTime, 905354549 , txs, 1038 , blockNum, 81
ConsensusTime, 804720831 , txs, 1039 , blockNum, 82
ConsensusTime, 503770866 , txs, 1039 , blockNum, 83
ConsensusTime, 804765048 , txs, 1040 , blockNum, 84
ConsensusTime, 713269650 , txs, 1040 , blockNum, 85
ConsensusTime, 704343871 , txs, 1041 , blockNum, 86
ConsensusTime, 504568521 , txs, 1041 , blockNum, 87
ConsensusTime, 704349582 , txs, 1042 , blockNum, 88
ConsensusTime, 710660130 , txs, 1042 , blockNum, 89
ConsensusTime, 703019607 , txs, 1043 , blockNum, 91
ConsensusTime, 1896558 , txs, 1044 , blockNum, 93
ConsensusTime, 302795796 , txs, 1045 , blockNum, 94
ConsensusTime, 913251532 , txs, 1045 , blockNum, 95
ConsensusTime, 804848928 , txs, 1046 , blockNum, 96
ConsensusTime, 704804860 , txs, 1046 , blockNum, 97
ConsensusTime, 704944202 , txs, 1047 , blockNum, 98
ConsensusTime, 603886028 , txs, 1047 , blockNum, 99
ConsensusTime, 604171699 , txs, 1048 , blockNum, 100
ConsensusTime, 809817839 , txs, 1048 , blockNum, 101
ConsensusTime, 704566304 , txs, 1049 , blockNum, 102
ConsensusTime, 1207223580 , txs, 1049 , blockNum, 103
ConsensusTime, 518103383 , txs, 1050 , blockNum, 104
ConsensusTime, 724086033 , txs, 1050 , blockNum, 105
ConsensusTime, 691853990 , txs, 1052 , blockNum, 107
ConsensusTime, 1206222908 , txs, 1052 , blockNum, 108
ConsensusTime, 704296826 , txs, 1053 , blockNum, 109
ConsensusTime, 1009968898 , txs, 1053 , blockNum, 110
ConsensusTime, 705980549 , txs, 1054 , blockNum, 111
ConsensusTime, 805341734 , txs, 1054 , blockNum, 112
ConsensusTime, 403341103 , txs, 1055 , blockNum, 113
ConsensusTime, 707304925 , txs, 1055 , blockNum, 114
ConsensusTime, 905328379 , txs, 1056 , blockNum, 115
ConsensusTime, 311542859 , txs, 1056 , blockNum, 116
ConsensusTime, 503559183 , txs, 1057 , blockNum, 117
ConsensusTime, 804731981 , txs, 1057 , blockNum, 118
ConsensusTime, 905778585 , txs, 1058 , blockNum, 119
ConsensusTime, 612225068 , txs, 1058 , blockNum, 120
ConsensusTime, 808026309 , txs, 1059 , blockNum, 121
ConsensusTime, 749377087 , txs, 1060 , blockNum, 123
ConsensusTime, 1685403 , txs, 1061 , blockNum, 125
ConsensusTime, 302599672 , txs, 1061 , blockNum, 126
ConsensusTime, 604159861 , txs, 1062 , blockNum, 127
ConsensusTime, 503683105 , txs, 1062 , blockNum, 128
ConsensusTime, 604082582 , txs, 1063 , blockNum, 129
ConsensusTime, 916046858 , txs, 1063 , blockNum, 130
ConsensusTime, 604142155 , txs, 1064 , blockNum, 131
ConsensusTime, 704045518 , txs, 1064 , blockNum, 132
ConsensusTime, 915523663 , txs, 1065 , blockNum, 133
ConsensusTime, 905766035 , txs, 1065 , blockNum, 134
ConsensusTime, 805360524 , txs, 1066 , blockNum, 135
ConsensusTime, 604450577 , txs, 1066 , blockNum, 136
ConsensusTime, 805235804 , txs, 1067 , blockNum, 137
ConsensusTime, 735842805 , txs, 1068 , blockNum, 139
ConsensusTime, 1106308661 , txs, 1069 , blockNum, 140
ConsensusTime, 607246838 , txs, 1069 , blockNum, 141
