ConsensusTime, 707045599 , txs, 599 , blockNum, 1
ConsensusTime, 704042607 , txs, 599 , blockNum, 2
ConsensusTime, 704091709 , txs, 599 , blockNum, 3
ConsensusTime, 1621568698 , txs, 600 , blockNum, 4
ConsensusTime, 706140958 , txs, 600 , blockNum, 5
ConsensusTime, 703745414 , txs, 600 , blockNum, 6
ConsensusTime, 816485589 , txs, 601 , blockNum, 7
ConsensusTime, 719752050 , txs, 601 , blockNum, 8
ConsensusTime, 1559302 , txs, 602 , blockNum, 10
ConsensusTime, 1371714 , txs, 602 , blockNum, 11
ConsensusTime, 518544803 , txs, 602 , blockNum, 12
ConsensusTime, 804948788 , txs, 602 , blockNum, 13
ConsensusTime, 816367962 , txs, 603 , blockNum, 14
ConsensusTime, 703835769 , txs, 603 , blockNum, 15
ConsensusTime, 618372688 , txs, 603 , blockNum, 16
ConsensusTime, 1272088 , txs, 604 , blockNum, 18
ConsensusTime, 302656894 , txs, 604 , blockNum, 19
ConsensusTime, 1729525675 , txs, 604 , blockNum, 20
ConsensusTime, 1243931 , txs, 605 , blockNum, 23
ConsensusTime, 618285060 , txs, 606 , blockNum, 24
ConsensusTime, 202061688 , txs, 606 , blockNum, 26
ConsensusTime, 614961483 , txs, 607 , blockNum, 27
ConsensusTime, 618369787 , txs, 607 , blockNum, 28
ConsensusTime, 703650385 , txs, 607 , blockNum, 29
ConsensusTime, 1506417479 , txs, 607 , blockNum, 30
ConsensusTime, 803941756 , txs, 608 , blockNum, 31
ConsensusTime, 1530188583 , txs, 608 , blockNum, 32
ConsensusTime, 101564593 , txs, 609 , blockNum, 34
ConsensusTime, 804163735 , txs, 609 , blockNum, 35
ConsensusTime, 619681176 , txs, 609 , blockNum, 36
ConsensusTime, 703949991 , txs, 610 , blockNum, 37
ConsensusTime, 1004653461 , txs, 610 , blockNum, 38
ConsensusTime, 703683110 , txs, 610 , blockNum, 39
ConsensusTime, 852556390 , txs, 610 , blockNum, 40
ConsensusTime, 1074235 , txs, 611 , blockNum, 42
ConsensusTime, 1305939571 , txs, 611 , blockNum, 43
ConsensusTime, 519006416 , txs, 612 , blockNum, 44
ConsensusTime, 1359521 , txs, 612 , blockNum, 46
ConsensusTime, 906456091 , txs, 612 , blockNum, 47
ConsensusTime, 1321714552 , txs, 613 , blockNum, 48
ConsensusTime, 1420021 , txs, 613 , blockNum, 50
ConsensusTime, 710946375 , txs, 614 , blockNum, 51
ConsensusTime, 1524729296 , txs, 614 , blockNum, 52
ConsensusTime, 709522967 , txs, 614 , blockNum, 53
ConsensusTime, 502929966 , txs, 615 , blockNum, 54
ConsensusTime, 904416924 , txs, 615 , blockNum, 55
ConsensusTime, 519249440 , txs, 615 , blockNum, 56
ConsensusTime, 1148414 , txs, 616 , blockNum, 58
ConsensusTime, 102076723 , txs, 616 , blockNum, 59
ConsensusTime, 418295836 , txs, 616 , blockNum, 60
ConsensusTime, 1224836 , txs, 617 , blockNum, 62
ConsensusTime, 1506634202 , txs, 617 , blockNum, 63
ConsensusTime, 1131274322 , txs, 618 , blockNum, 64
ConsensusTime, 1247644 , txs, 618 , blockNum, 66
ConsensusTime, 1105929287 , txs, 618 , blockNum, 67
ConsensusTime, 618744587 , txs, 619 , blockNum, 68
ConsensusTime, 1412307 , txs, 620 , blockNum, 71
ConsensusTime, 625546709 , txs, 620 , blockNum, 72
ConsensusTime, 1591808 , txs, 621 , blockNum, 74
ConsensusTime, 703522573 , txs, 621 , blockNum, 75
ConsensusTime, 634842457 , txs, 621 , blockNum, 76
ConsensusTime, 718170225 , txs, 622 , blockNum, 77
ConsensusTime, 603475390 , txs, 622 , blockNum, 78
ConsensusTime, 604484410 , txs, 622 , blockNum, 79
ConsensusTime, 540564047 , txs, 622 , blockNum, 80
ConsensusTime, 1180815 , txs, 623 , blockNum, 82
ConsensusTime, 603441634 , txs, 623 , blockNum, 83
ConsensusTime, 1523219730 , txs, 624 , blockNum, 84
ConsensusTime, 703608418 , txs, 624 , blockNum, 85
ConsensusTime, 703790764 , txs, 624 , blockNum, 86
ConsensusTime, 703791705 , txs, 625 , blockNum, 87
ConsensusTime, 1623803310 , txs, 625 , blockNum, 88
ConsensusTime, 1214922 , txs, 625 , blockNum, 90
ConsensusTime, 1012868590 , txs, 626 , blockNum, 91
ConsensusTime, 1221043657 , txs, 626 , blockNum, 92
ConsensusTime, 1409583 , txs, 627 , blockNum, 94
ConsensusTime, 1004599849 , txs, 627 , blockNum, 95
ConsensusTime, 1322749845 , txs, 627 , blockNum, 96
ConsensusTime, 603349825 , txs, 628 , blockNum, 97
ConsensusTime, 904504562 , txs, 628 , blockNum, 98
ConsensusTime, 2410339409 , txs, 628 , blockNum, 99
ConsensusTime, 620451960 , txs, 629 , blockNum, 100
ConsensusTime, 1198017 , txs, 629 , blockNum, 101
ConsensusTime, 5020444236 , txs, 629 , blockNum, 102
ConsensusTime, 13053308019 , txs, 629 , blockNum, 103
ConsensusTime, 620141619 , txs, 630 , blockNum, 104
ConsensusTime, 904513303 , txs, 630 , blockNum, 105
ConsensusTime, 5019993376 , txs, 630 , blockNum, 106
ConsensusTime, 13169072558 , txs, 631 , blockNum, 107
ConsensusTime, 622836139 , txs, 631 , blockNum, 108
ConsensusTime, 1353889 , txs, 631 , blockNum, 109
ConsensusTime, 5630186312 , txs, 632 , blockNum, 110
ConsensusTime, 15586075628 , txs, 632 , blockNum, 111
ConsensusTime, 2929026979 , txs, 632 , blockNum, 112
ConsensusTime, 502985413 , txs, 633 , blockNum, 113
ConsensusTime, 7671636948 , txs, 633 , blockNum, 114
ConsensusTime, 13087144899 , txs, 633 , blockNum, 115
ConsensusTime, 632309715 , txs, 633 , blockNum, 116
ConsensusTime, 703826398 , txs, 634 , blockNum, 117
ConsensusTime, 4931361683 , txs, 634 , blockNum, 118
ConsensusTime, 13179694103 , txs, 634 , blockNum, 119
ConsensusTime, 518954691 , txs, 635 , blockNum, 120
ConsensusTime, 1218319 , txs, 635 , blockNum, 121
ConsensusTime, 5622232926 , txs, 635 , blockNum, 122
