ConsensusTime, 202149990 , txs, 200 , blockNum, 1
ConsensusTime, 301920056 , txs, 200 , blockNum, 2
ConsensusTime, 101307454 , txs, 200 , blockNum, 3
ConsensusTime, 210302461 , txs, 200 , blockNum, 4
ConsensusTime, 1131470 , txs, 201 , blockNum, 6
ConsensusTime, 602801021 , txs, 201 , blockNum, 7
ConsensusTime, 201539961 , txs, 201 , blockNum, 8
ConsensusTime, 201617207 , txs, 201 , blockNum, 9
ConsensusTime, 101115326 , txs, 201 , blockNum, 10
ConsensusTime, 101548174 , txs, 202 , blockNum, 11
ConsensusTime, 208987953 , txs, 202 , blockNum, 12
ConsensusTime, 1284530 , txs, 202 , blockNum, 14
ConsensusTime, 101492956 , txs, 202 , blockNum, 15
ConsensusTime, 309998651 , txs, 203 , blockNum, 16
ConsensusTime, 201673598 , txs, 203 , blockNum, 17
ConsensusTime, 711792070 , txs, 203 , blockNum, 18
ConsensusTime, 101401371 , txs, 203 , blockNum, 19
ConsensusTime, 208441931 , txs, 203 , blockNum, 20
ConsensusTime, 1204103 , txs, 204 , blockNum, 21
ConsensusTime, 1190497 , txs, 204 , blockNum, 22
ConsensusTime, 301969925 , txs, 204 , blockNum, 23
ConsensusTime, 101170226 , txs, 204 , blockNum, 24
ConsensusTime, 301669357 , txs, 204 , blockNum, 25
ConsensusTime, 101610608 , txs, 205 , blockNum, 26
ConsensusTime, 201491841 , txs, 205 , blockNum, 27
ConsensusTime, 128258876 , txs, 205 , blockNum, 28
ConsensusTime, 402240077 , txs, 205 , blockNum, 29
ConsensusTime, 1185913 , txs, 205 , blockNum, 30
ConsensusTime, 403540784 , txs, 206 , blockNum, 31
ConsensusTime, 302363761 , txs, 206 , blockNum, 32
ConsensusTime, 302359983 , txs, 206 , blockNum, 33
ConsensusTime, 802810192 , txs, 206 , blockNum, 34
ConsensusTime, 101273496 , txs, 206 , blockNum, 35
ConsensusTime, 209766719 , txs, 207 , blockNum, 36
ConsensusTime, 1415054 , txs, 207 , blockNum, 38
ConsensusTime, 314271 , txs, 207 , blockNum, 38
ConsensusTime, 201384411 , txs, 207 , blockNum, 39
ConsensusTime, 1208495 , txs, 207 , blockNum, 40
ConsensusTime, 301711958 , txs, 208 , blockNum, 41
ConsensusTime, 201422842 , txs, 208 , blockNum, 42
ConsensusTime, 201300085 , txs, 208 , blockNum, 43
ConsensusTime, 409585386 , txs, 208 , blockNum, 44
ConsensusTime, 1104240 , txs, 209 , blockNum, 46
ConsensusTime, 201738150 , txs, 209 , blockNum, 47
ConsensusTime, 977339 , txs, 209 , blockNum, 48
ConsensusTime, 201502704 , txs, 209 , blockNum, 49
ConsensusTime, 201445832 , txs, 209 , blockNum, 50
ConsensusTime, 201840326 , txs, 210 , blockNum, 51
ConsensusTime, 214125720 , txs, 210 , blockNum, 52
ConsensusTime, 1425579 , txs, 210 , blockNum, 53
ConsensusTime, 1062929 , txs, 210 , blockNum, 54
ConsensusTime, 102729993 , txs, 211 , blockNum, 55
ConsensusTime, 201539156 , txs, 211 , blockNum, 56
ConsensusTime, 101475094 , txs, 211 , blockNum, 57
ConsensusTime, 201341205 , txs, 211 , blockNum, 58
ConsensusTime, 202749635 , txs, 211 , blockNum, 59
ConsensusTime, 208292092 , txs, 212 , blockNum, 60
ConsensusTime, 1191049 , txs, 212 , blockNum, 62
ConsensusTime, 404689031 , txs, 212 , blockNum, 63
ConsensusTime, 201424353 , txs, 212 , blockNum, 64
ConsensusTime, 201427643 , txs, 213 , blockNum, 65
ConsensusTime, 301723691 , txs, 213 , blockNum, 66
ConsensusTime, 101649383 , txs, 213 , blockNum, 67
ConsensusTime, 410621394 , txs, 213 , blockNum, 68
ConsensusTime, 1139581 , txs, 214 , blockNum, 70
ConsensusTime, 1299037 , txs, 214 , blockNum, 72
ConsensusTime, 201804644 , txs, 214 , blockNum, 73
ConsensusTime, 201747355 , txs, 214 , blockNum, 74
ConsensusTime, 201512094 , txs, 215 , blockNum, 75
ConsensusTime, 412261753 , txs, 215 , blockNum, 76
ConsensusTime, 1300852 , txs, 215 , blockNum, 77
ConsensusTime, 1495489 , txs, 215 , blockNum, 78
ConsensusTime, 201614368 , txs, 216 , blockNum, 79
ConsensusTime, 101601081 , txs, 216 , blockNum, 80
ConsensusTime, 201366860 , txs, 216 , blockNum, 81
ConsensusTime, 201396773 , txs, 216 , blockNum, 82
ConsensusTime, 201476607 , txs, 216 , blockNum, 83
ConsensusTime, 108706581 , txs, 217 , blockNum, 84
ConsensusTime, 301541524 , txs, 217 , blockNum, 85
ConsensusTime, 201674375 , txs, 217 , blockNum, 86
ConsensusTime, 301757825 , txs, 217 , blockNum, 87
ConsensusTime, 101612046 , txs, 217 , blockNum, 88
ConsensusTime, 201804806 , txs, 218 , blockNum, 89
ConsensusTime, 201632883 , txs, 218 , blockNum, 90
ConsensusTime, 201403935 , txs, 218 , blockNum, 91
ConsensusTime, 215482337 , txs, 218 , blockNum, 92
ConsensusTime, 1013206 , txs, 219 , blockNum, 94
ConsensusTime, 201752971 , txs, 219 , blockNum, 95
ConsensusTime, 602244466 , txs, 219 , blockNum, 96
ConsensusTime, 201886220 , txs, 219 , blockNum, 97
ConsensusTime, 201592897 , txs, 220 , blockNum, 98
ConsensusTime, 201714723 , txs, 220 , blockNum, 99
ConsensusTime, 216419078 , txs, 220 , blockNum, 100
ConsensusTime, 1080601 , txs, 220 , blockNum, 102
ConsensusTime, 201381478 , txs, 221 , blockNum, 103
ConsensusTime, 102326404 , txs, 221 , blockNum, 104
ConsensusTime, 301745009 , txs, 221 , blockNum, 105
ConsensusTime, 301623239 , txs, 221 , blockNum, 106
ConsensusTime, 201522964 , txs, 222 , blockNum, 107
ConsensusTime, 208522689 , txs, 222 , blockNum, 108
ConsensusTime, 1336820 , txs, 222 , blockNum, 110
ConsensusTime, 201567193 , txs, 222 , blockNum, 111
ConsensusTime, 201853537 , txs, 223 , blockNum, 112
ConsensusTime, 301678496 , txs, 223 , blockNum, 113
ConsensusTime, 201731460 , txs, 223 , blockNum, 114
ConsensusTime, 101546482 , txs, 223 , blockNum, 115
ConsensusTime, 209424975 , txs, 223 , blockNum, 116
ConsensusTime, 1089380 , txs, 224 , blockNum, 117
ConsensusTime, 1157443 , txs, 224 , blockNum, 118
ConsensusTime, 201842839 , txs, 224 , blockNum, 119
ConsensusTime, 101578861 , txs, 224 , blockNum, 120
ConsensusTime, 201581186 , txs, 224 , blockNum, 121
ConsensusTime, 602618890 , txs, 224 , blockNum, 122
ConsensusTime, 101345753 , txs, 224 , blockNum, 123
ConsensusTime, 321997073 , txs, 225 , blockNum, 124
ConsensusTime, 1114122 , txs, 225 , blockNum, 126
ConsensusTime, 602793471 , txs, 225 , blockNum, 127
ConsensusTime, 503443654 , txs, 225 , blockNum, 128
ConsensusTime, 201765680 , txs, 225 , blockNum, 129
ConsensusTime, 201595317 , txs, 225 , blockNum, 130
ConsensusTime, 201929725 , txs, 225 , blockNum, 131
ConsensusTime, 322138371 , txs, 225 , blockNum, 132
ConsensusTime, 1801478 , txs, 226 , blockNum, 133
ConsensusTime, 1066778 , txs, 226 , blockNum, 134
ConsensusTime, 101074174 , txs, 226 , blockNum, 135
ConsensusTime, 201534101 , txs, 226 , blockNum, 136
ConsensusTime, 201661645 , txs, 226 , blockNum, 137
ConsensusTime, 201260761 , txs, 226 , blockNum, 138
ConsensusTime, 1309220 , txs, 226 , blockNum, 139
ConsensusTime, 215683300 , txs, 226 , blockNum, 140
ConsensusTime, 1392936 , txs, 226 , blockNum, 141
ConsensusTime, 1485506 , txs, 227 , blockNum, 142
ConsensusTime, 201389156 , txs, 227 , blockNum, 143
ConsensusTime, 101272021 , txs, 227 , blockNum, 144
ConsensusTime, 201537082 , txs, 227 , blockNum, 145
ConsensusTime, 301828852 , txs, 227 , blockNum, 146
ConsensusTime, 401756800 , txs, 227 , blockNum, 147
ConsensusTime, 210617333 , txs, 227 , blockNum, 148
ConsensusTime, 101379419 , txs, 227 , blockNum, 150
ConsensusTime, 201780668 , txs, 228 , blockNum, 151
ConsensusTime, 201742974 , txs, 228 , blockNum, 152
ConsensusTime, 706199943 , txs, 228 , blockNum, 153
ConsensusTime, 201709803 , txs, 228 , blockNum, 154
ConsensusTime, 201707810 , txs, 228 , blockNum, 155
ConsensusTime, 228975677 , txs, 228 , blockNum, 156
ConsensusTime, 1284002 , txs, 228 , blockNum, 157
ConsensusTime, 201516348 , txs, 228 , blockNum, 158
ConsensusTime, 101618905 , txs, 228 , blockNum, 159
ConsensusTime, 301632601 , txs, 229 , blockNum, 160
ConsensusTime, 201646447 , txs, 229 , blockNum, 161
ConsensusTime, 201659872 , txs, 229 , blockNum, 162
ConsensusTime, 301661138 , txs, 229 , blockNum, 163
ConsensusTime, 210836463 , txs, 229 , blockNum, 164
ConsensusTime, 1748675 , txs, 229 , blockNum, 165
ConsensusTime, 1097603 , txs, 229 , blockNum, 166
ConsensusTime, 101713240 , txs, 229 , blockNum, 167
ConsensusTime, 1796901 , txs, 229 , blockNum, 168
ConsensusTime, 1638984 , txs, 230 , blockNum, 169
ConsensusTime, 201495135 , txs, 230 , blockNum, 170
ConsensusTime, 101719904 , txs, 230 , blockNum, 171
ConsensusTime, 209028913 , txs, 230 , blockNum, 172
ConsensusTime, 302158637 , txs, 230 , blockNum, 173
ConsensusTime, 201545167 , txs, 230 , blockNum, 174
ConsensusTime, 101098016 , txs, 230 , blockNum, 175
ConsensusTime, 1531039 , txs, 230 , blockNum, 176
ConsensusTime, 1345390 , txs, 230 , blockNum, 177
ConsensusTime, 205742541 , txs, 231 , blockNum, 178
ConsensusTime, 402363920 , txs, 231 , blockNum, 179
ConsensusTime, 209363675 , txs, 231 , blockNum, 180
ConsensusTime, 1162345 , txs, 231 , blockNum, 182
ConsensusTime, 201241759 , txs, 231 , blockNum, 183
ConsensusTime, 302072081 , txs, 231 , blockNum, 184
ConsensusTime, 201472239 , txs, 231 , blockNum, 185
ConsensusTime, 607129356 , txs, 231 , blockNum, 186
ConsensusTime, 301728175 , txs, 232 , blockNum, 187
ConsensusTime, 110796342 , txs, 232 , blockNum, 188
ConsensusTime, 1119614 , txs, 232 , blockNum, 190
ConsensusTime, 301753281 , txs, 232 , blockNum, 191
ConsensusTime, 201396944 , txs, 232 , blockNum, 192
ConsensusTime, 402201752 , txs, 232 , blockNum, 193
ConsensusTime, 702916656 , txs, 232 , blockNum, 194
ConsensusTime, 201529558 , txs, 232 , blockNum, 195
ConsensusTime, 211006614 , txs, 233 , blockNum, 196
ConsensusTime, 1320069 , txs, 233 , blockNum, 197
ConsensusTime, 201665632 , txs, 233 , blockNum, 198
ConsensusTime, 402046007 , txs, 233 , blockNum, 199
ConsensusTime, 101434460 , txs, 233 , blockNum, 200
ConsensusTime, 302043566 , txs, 233 , blockNum, 201
ConsensusTime, 101503207 , txs, 233 , blockNum, 202
ConsensusTime, 201650383 , txs, 233 , blockNum, 203
ConsensusTime, 223049903 , txs, 233 , blockNum, 204
ConsensusTime, 1047842 , txs, 234 , blockNum, 205
ConsensusTime, 1233142 , txs, 234 , blockNum, 206
ConsensusTime, 201978594 , txs, 234 , blockNum, 207
ConsensusTime, 201377721 , txs, 234 , blockNum, 208
ConsensusTime, 201437499 , txs, 234 , blockNum, 209
ConsensusTime, 201973363 , txs, 234 , blockNum, 210
ConsensusTime, 201715229 , txs, 234 , blockNum, 211
ConsensusTime, 214787752 , txs, 234 , blockNum, 212
ConsensusTime, 880520 , txs, 234 , blockNum, 213
ConsensusTime, 301874731 , txs, 235 , blockNum, 214
ConsensusTime, 101558190 , txs, 235 , blockNum, 215
ConsensusTime, 201710828 , txs, 235 , blockNum, 216
ConsensusTime, 201360950 , txs, 235 , blockNum, 217
ConsensusTime, 201556858 , txs, 235 , blockNum, 218
ConsensusTime, 702848424 , txs, 235 , blockNum, 219
ConsensusTime, 409596280 , txs, 235 , blockNum, 220
ConsensusTime, 402146754 , txs, 235 , blockNum, 221
ConsensusTime, 101259793 , txs, 236 , blockNum, 222
ConsensusTime, 301711558 , txs, 236 , blockNum, 223
ConsensusTime, 301997574 , txs, 236 , blockNum, 224
ConsensusTime, 201723743 , txs, 236 , blockNum, 225
ConsensusTime, 301790298 , txs, 236 , blockNum, 226
ConsensusTime, 302015156 , txs, 236 , blockNum, 227
ConsensusTime, 413192766 , txs, 236 , blockNum, 228
ConsensusTime, 1986993 , txs, 236 , blockNum, 229
ConsensusTime, 1173592 , txs, 236 , blockNum, 230
ConsensusTime, 201506371 , txs, 237 , blockNum, 231
ConsensusTime, 201718439 , txs, 237 , blockNum, 232
ConsensusTime, 101176595 , txs, 237 , blockNum, 233
ConsensusTime, 201514696 , txs, 237 , blockNum, 234
ConsensusTime, 502208461 , txs, 237 , blockNum, 235
ConsensusTime, 110608021 , txs, 237 , blockNum, 236
ConsensusTime, 3408471259 , txs, 237 , blockNum, 237
ConsensusTime, 401790656 , txs, 237 , blockNum, 238
ConsensusTime, 101549274 , txs, 237 , blockNum, 239
ConsensusTime, 101415148 , txs, 238 , blockNum, 240
ConsensusTime, 201514195 , txs, 238 , blockNum, 241
ConsensusTime, 415355045 , txs, 238 , blockNum, 242
ConsensusTime, 303414597 , txs, 238 , blockNum, 243
ConsensusTime, 210614942 , txs, 238 , blockNum, 244
ConsensusTime, 101202917 , txs, 238 , blockNum, 246
ConsensusTime, 101246454 , txs, 238 , blockNum, 247
ConsensusTime, 201777121 , txs, 239 , blockNum, 248
ConsensusTime, 201654487 , txs, 239 , blockNum, 249
ConsensusTime, 301653090 , txs, 239 , blockNum, 250
ConsensusTime, 101164880 , txs, 239 , blockNum, 251
ConsensusTime, 209579350 , txs, 239 , blockNum, 252
ConsensusTime, 1241606 , txs, 239 , blockNum, 253
ConsensusTime, 1047310 , txs, 239 , blockNum, 254
ConsensusTime, 301841822 , txs, 239 , blockNum, 255
ConsensusTime, 201523588 , txs, 239 , blockNum, 256
ConsensusTime, 201699531 , txs, 240 , blockNum, 257
ConsensusTime, 101225000 , txs, 240 , blockNum, 258
ConsensusTime, 201945197 , txs, 240 , blockNum, 259
ConsensusTime, 218226646 , txs, 240 , blockNum, 260
ConsensusTime, 1351737 , txs, 240 , blockNum, 262
ConsensusTime, 201416892 , txs, 240 , blockNum, 263
ConsensusTime, 201382775 , txs, 240 , blockNum, 264
ConsensusTime, 207517711 , txs, 240 , blockNum, 265
ConsensusTime, 301795107 , txs, 241 , blockNum, 266
ConsensusTime, 301686848 , txs, 241 , blockNum, 267
ConsensusTime, 209789699 , txs, 241 , blockNum, 268
ConsensusTime, 402108459 , txs, 241 , blockNum, 269
ConsensusTime, 201634254 , txs, 241 , blockNum, 270
ConsensusTime, 201456495 , txs, 241 , blockNum, 271
ConsensusTime, 101254361 , txs, 241 , blockNum, 272
ConsensusTime, 201591594 , txs, 241 , blockNum, 273
ConsensusTime, 401973876 , txs, 242 , blockNum, 274
ConsensusTime, 101239156 , txs, 242 , blockNum, 275
ConsensusTime, 216009230 , txs, 242 , blockNum, 276
ConsensusTime, 1143805 , txs, 242 , blockNum, 278
ConsensusTime, 201496877 , txs, 242 , blockNum, 279
ConsensusTime, 201461028 , txs, 242 , blockNum, 280
ConsensusTime, 201463415 , txs, 242 , blockNum, 281
ConsensusTime, 201434568 , txs, 242 , blockNum, 282
ConsensusTime, 401896599 , txs, 243 , blockNum, 283
ConsensusTime, 309767863 , txs, 243 , blockNum, 284
ConsensusTime, 1002336 , txs, 243 , blockNum, 285
ConsensusTime, 101543222 , txs, 243 , blockNum, 286
ConsensusTime, 101274773 , txs, 243 , blockNum, 287
ConsensusTime, 201460175 , txs, 243 , blockNum, 288
ConsensusTime, 201362830 , txs, 243 , blockNum, 289
ConsensusTime, 301447155 , txs, 243 , blockNum, 290
ConsensusTime, 205937581 , txs, 244 , blockNum, 291
ConsensusTime, 218225977 , txs, 244 , blockNum, 292
ConsensusTime, 1818403 , txs, 244 , blockNum, 294
ConsensusTime, 107785717 , txs, 244 , blockNum, 295
ConsensusTime, 203348641 , txs, 244 , blockNum, 296
ConsensusTime, 101533765 , txs, 244 , blockNum, 297
ConsensusTime, 201221286 , txs, 244 , blockNum, 298
